date,fills,wallets_active,tokens_touched,seeded_fills
2026-08-06,8,3,5,0
2026-08-07,34,13,20,0
2026-08-08,49,14,19,0
2026-08-09,103,31,33,0
2026-08-10,892,107,156,0
2026-08-11,903,115,155,0
2026-08-12,1387,121,183,0
2026-08-13,1152,117,168,0
2026-08-14,1253,124,153,0
2026-08-15,581,92,128,0
2026-08-16,505,98,109,0
2026-08-17,600,92,133,0
2026-08-18,675,103,128,0
2026-08-19,603,101,123,0
2026-08-20,762,103,124,0
2026-08-21,665,107,120,0
2026-08-22,685,101,155,0
2026-08-23,967,138,197,0
2026-08-24,1592,153,265,0
2026-08-25,2108,186,316,0
2026-08-26,2510,184,294,0
2026-08-27,2774,187,324,0
2026-08-28,3658,211,337,0
2026-08-29,4405,211,409,0
2026-08-30,6154,238,557,0
2026-08-31,6384,246,587,0
2026-09-01,8704,258,687,0
2026-09-02,8902,268,796,0
2026-09-03,8459,269,864,0
2026-09-04,11627,281,852,8
2026-09-05,9259,284,843,0
2026-09-06,7066,278,696,8
2026-09-07,4359,250,594,13
2026-09-08,4301,258,658,0
2026-09-09,3744,250,543,0
2026-09-10,4722,258,595,0
2026-09-11,5347,270,618,13
2026-09-12,4011,234,643,16
2026-09-13,3514,280,606,0
2026-09-14,3790,313,620,0
2026-09-15,3108,295,485,0
2026-09-16,3853,300,510,29
2026-09-17,4889,322,497,71
2026-09-18,4412,317,535,244
2026-09-19,4064,322,499,394
2026-09-20,3497,317,370,666
2026-09-21,3944,301,505,190
2026-09-22,3582,298,454,91
2026-09-23,3072,314,438,259
2026-09-24,2171,288,344,62
2026-09-25,2593,291,387,81
2026-09-26,2248,263,364,47
2026-09-27,1674,268,342,66
2026-09-28,1843,263,399,77
2026-09-29,2493,261,395,34
2026-09-30,2225,242,370,32
2026-10-01,1994,244,354,67
2026-10-02,2039,241,291,76
2026-10-03,1501,202,279,17
2026-10-04,1187,206,230,5
2026-10-05,1321,220,240,73
2026-10-06,382,116,126,0
